[
  {"model": "artapp.arttype", "pk": 1, "fields": {"arttype": "Sculptures", "creationdate": "2024-05-27T05:33:21.547Z", "updated_at": "2024-05-27T05:33:21.547Z"}},
  {"model": "artapp.arttype", "pk": 2, "fields": {"arttype": "Serigraphs", "creationdate": "2024-05-27T05:33:48.927Z", "updated_at": "2024-05-27T05:33:48.927Z"}},
  {"model": "artapp.arttype", "pk": 3, "fields": {"arttype": "Prints", "creationdate": "2024-05-27T05:33:55.465Z", "updated_at": "2024-05-27T05:33:55.465Z"}},
  {"model": "artapp.arttype", "pk": 4, "fields": {"arttype": "Painting", "creationdate": "2024-05-27T05:34:01.753Z", "updated_at": "2024-05-27T05:34:01.753Z"}},
  {"model": "artapp.arttype", "pk": 5, "fields": {"arttype": "Street Art", "creationdate": "2024-05-27T05:34:11.923Z", "updated_at": "2024-05-27T05:34:11.923Z"}},
  {"model": "artapp.arttype", "pk": 6, "fields": {"arttype": "Visual art", "creationdate": "2024-05-27T05:34:19.867Z", "updated_at": "2024-05-27T05:34:19.867Z"}},
  {"model": "artapp.arttype", "pk": 7, "fields": {"arttype": "Conceptual art", "creationdate": "2024-05-27T05:34:29.334Z", "updated_at": "2024-05-27T05:34:29.334Z"}},
  {"model": "artapp.arttype", "pk": 14, "fields": {"arttype": "Street Art", "creationdate": "2024-05-31T06:50:28.062Z", "updated_at": "2024-05-31T06:50:28.062Z"}},

  {"model": "artapp.artmedium", "pk": 1, "fields": {"artmedium": "Wood and Bronze", "creationdate": "2024-05-27T05:36:12.087Z", "updated_at": "2024-05-27T05:36:12.087Z"}},
  {"model": "artapp.artmedium", "pk": 2, "fields": {"artmedium": "Acrylic on canvas", "creationdate": "2024-05-27T05:36:23.125Z", "updated_at": "2024-05-27T05:36:23.125Z"}},
  {"model": "artapp.artmedium", "pk": 3, "fields": {"artmedium": "Resin", "creationdate": "2024-05-27T05:36:37.071Z", "updated_at": "2024-05-27T05:36:37.072Z"}},
  {"model": "artapp.artmedium", "pk": 4, "fields": {"artmedium": "Mixed Media", "creationdate": "2024-05-27T05:36:43.261Z", "updated_at": "2024-05-27T05:36:43.261Z"}},
  {"model": "artapp.artmedium", "pk": 5, "fields": {"artmedium": "Bronze", "creationdate": "2024-05-27T05:36:51.559Z", "updated_at": "2024-05-27T05:36:51.559Z"}},
  {"model": "artapp.artmedium", "pk": 6, "fields": {"artmedium": "Fibre", "creationdate": "2024-05-27T05:36:58.788Z", "updated_at": "2024-05-27T05:36:58.788Z"}},
  {"model": "artapp.artmedium", "pk": 7, "fields": {"artmedium": "Steel", "creationdate": "2024-05-27T05:37:05.926Z", "updated_at": "2024-05-27T05:37:05.926Z"}},
  {"model": "artapp.artmedium", "pk": 8, "fields": {"artmedium": "Metal", "creationdate": "2024-05-27T05:37:12.071Z", "updated_at": "2024-05-27T05:37:12.071Z"}},
  {"model": "artapp.artmedium", "pk": 9, "fields": {"artmedium": "Oil on Canvas", "creationdate": "2024-05-27T05:37:20.023Z", "updated_at": "2024-05-27T05:37:20.023Z"}},
  {"model": "artapp.artmedium", "pk": 10, "fields": {"artmedium": "Oil on Linen", "creationdate": "2024-05-27T05:38:17.716Z", "updated_at": "2024-05-27T05:38:17.716Z"}},
  {"model": "artapp.artmedium", "pk": 11, "fields": {"artmedium": "Acrylics on paper", "creationdate": "2024-05-27T05:38:25.305Z", "updated_at": "2024-05-27T05:38:25.305Z"}},
  {"model": "artapp.artmedium", "pk": 12, "fields": {"artmedium": "Hand-painted on particle wood/MDF", "creationdate": "2024-05-27T05:38:32.206Z", "updated_at": "2024-05-27T05:38:32.206Z"}},
  {"model": "artapp.artmedium", "pk": 15, "fields": {"artmedium": "Resin", "creationdate": "2024-05-31T06:50:43.219Z", "updated_at": "2024-05-31T06:50:43.219Z"}},

  {"model": "artapp.artist", "pk": 1, "fields": {"name": "Mohan", "mobnum": "7894561236", "email": "mohan@gmail.com", "edudetails": "hjghj", "awarddetails": "jhghj", "images": "media/artistprofile_pic/profile.jpg", "creationdate": "2024-05-24T07:26:50.238Z", "updated_at": "2024-05-24T07:26:50.238Z"}},
  {"model": "artapp.artist", "pk": 3, "fields": {"name": "Rajat Mehta", "mobnum": "7797798797", "email": "rajat@gmail.com", "edudetails": "Bachelor in Fine Arts", "awarddetails": "Lalit Kala Academy Award in 2016", "images": "media/artistprofile_pic/image.png", "creationdate": "2024-05-24T11:13:09.546Z", "updated_at": "2024-05-24T11:13:09.546Z"}},
  {"model": "artapp.artist", "pk": 4, "fields": {"name": "Shanu Mishra", "mobnum": "4646464646", "email": "shanu@gmail.com", "edudetails": "Master in fine arts-2017\r\nBachelor in Fine arts-2021", "awarddetails": "Varnashilpi Venkatappa Award", "images": "media/artistprofile_pic/2.jpg", "creationdate": "2024-05-24T11:18:03.179Z", "updated_at": "2024-05-24T11:18:03.179Z"}},
  {"model": "artapp.artist", "pk": 5, "fields": {"name": "Manav Kumar", "mobnum": "7646479873", "email": "manav@gmail.com", "edudetails": "Bachelor in Fine Arts", "awarddetails": "Kaivinai Pokkisham Award, Kala Ratna", "images": "media/artistprofile_pic/profile_utgaU9C.jpg", "creationdate": "2024-05-24T11:19:41.862Z", "updated_at": "2024-05-27T05:05:35.227Z"}},
  {"model": "artapp.artist", "pk": 7, "fields": {"name": "Komal Mishra", "mobnum": "7797979798", "email": "komal@gmail.com", "edudetails": "Bachelor in Fine Arts", "awarddetails": "None", "images": "media/artistprofile_pic/a2.jpg", "creationdate": "2024-05-31T06:49:56.467Z", "updated_at": "2024-05-31T06:50:11.944Z"}},
  {"model": "artapp.artist", "pk": 8, "fields": {"name": "Rahul", "mobnum": "1472536541", "email": "rahul12@gmail.com", "edudetails": "NA", "awarddetails": "NA", "images": "media/artistprofile_pic/profile.png", "creationdate": "2024-06-09T12:51:04.287Z", "updated_at": "2024-06-09T12:51:04.287Z"}},

  {"model": "artapp.artproducts", "pk": 1, "fields": {"referencenumber": 203173187, "title": "Peacock Paintings", "images": "artpics/images/918y3-QapcL._SL1500__UELFK14.jpg", "image1": "artpics/images/918y3-QapcL._SL1500__kL08lrB.jpg", "image2": "artpics/images/918y3-QapcL._SL1500__hOIg2Mq.jpg", "image3": "artpics/images/918y3-QapcL._SL1500__HFOFITr.jpg", "image4": "artpics/images/918y3-QapcL._SL1500__wNzw19Y.jpg", "dimension": "76.2 cm x 45 cm", "orientation": "Potrait", "size": "Medium", "sellingprice": "500.00", "description": "Quality artwork printed on 310 GSM thick paper with vibrant colors.", "creationdate": "2024-05-27T06:55:52.271Z", "updated_at": "2024-05-27T06:55:52.271Z", "artist_id": null, "artmedium_id": 11, "arttype_id": 4}},
  {"model": "artapp.artproducts", "pk": 2, "fields": {"referencenumber": 502435989, "title": "Little Cute Krishna Blue Krishna", "images": "artpics/images/71TLqjHg2yL._SL1000_.jpg", "image1": "artpics/images/71rKO3bJvIL._SL1216_.jpg", "image2": "artpics/images/51ndg64-76L._SL1000_.jpg", "image3": "", "image4": "", "dimension": "41Cm X 41Cm", "orientation": "Landscape", "size": "Large", "sellingprice": "600.00", "description": "Material: Full HD Glossy Vinyl. Wall Poster Covering Area: 41 CM X 41 CM.", "creationdate": "2024-05-27T07:05:10.863Z", "updated_at": "2024-05-27T07:05:10.863Z", "artist_id": 1, "artmedium_id": 2, "arttype_id": 1}},
  {"model": "artapp.artproducts", "pk": 3, "fields": {"referencenumber": 916832548, "title": "Theme Meditating Lord Buddha", "images": "artpics/images/715pDkaRiSL._SL1500__1PQss4b.jpg", "image1": "artpics/images/81GoFBEoswL._SL1500_.jpg", "image2": "artpics/images/715pDkaRiSL._SL1500_.jpg", "image3": "", "image4": "", "dimension": "12 X 16 Inches | 6mm Thick", "orientation": "Landscape", "size": "Medium", "sellingprice": "200.00", "description": "Buddha wooden wall painting for spiritual ambiance.", "creationdate": "2024-05-27T07:07:30.578Z", "updated_at": "2024-05-27T12:18:45.554Z", "artist_id": 3, "artmedium_id": 1, "arttype_id": 2}},
  {"model": "artapp.artproducts", "pk": 5, "fields": {"referencenumber": 916832549, "title": "Theme Meditating Buddha", "images": "artpics/images/715QEq3k6cL._SL1500_.jpg", "image1": "artpics/images/81GoFBEoswL._SL1500_.jpg", "image2": "artpics/images/715pDkaRiSL._SL1500_.jpg", "image3": "", "image4": "", "dimension": "12 X 16 Inches | 6mm Thick", "orientation": "Landscape", "size": "Medium", "sellingprice": "200.00", "description": "Buddha wooden wall painting for spiritual ambiance.", "creationdate": "2024-05-27T07:07:30.578Z", "updated_at": "2024-05-27T07:07:30.578Z", "artist_id": 5, "artmedium_id": 11, "arttype_id": 3}},
  {"model": "artapp.artproducts", "pk": 6, "fields": {"referencenumber": 902435989, "title": "Little Cute Krishna Blue Krishna", "images": "artpics/images/71TLqjHg2yL._SL1000_.jpg", "image1": "artpics/images/71rKO3bJvIL._SL1216_.jpg", "image2": "artpics/images/51ndg64-76L._SL1000_.jpg", "image3": "", "image4": "", "dimension": "41Cm X 41Cm", "orientation": "Landscape", "size": "Large", "sellingprice": "600.00", "description": "Material: Full HD Glossy Vinyl. Wall Poster Covering Area: 41 CM X 41 CM.", "creationdate": "2024-05-27T07:05:10.863Z", "updated_at": "2024-05-27T07:05:10.863Z", "artist_id": 1, "artmedium_id": 2, "arttype_id": 1}},
  {"model": "artapp.artproducts", "pk": 8, "fields": {"referencenumber": 916832546, "title": "Theme Meditating Buddha", "images": "artpics/images/715QEq3k6cL._SL1500_.jpg", "image1": "artpics/images/81GoFBEoswL._SL1500_.jpg", "image2": "artpics/images/715pDkaRiSL._SL1500_.jpg", "image3": "", "image4": "", "dimension": "12 X 16 Inches | 6mm Thick", "orientation": "Landscape", "size": "Medium", "sellingprice": "200.00", "description": "Buddha wooden wall painting for spiritual ambiance.", "creationdate": "2024-05-27T07:07:30.578Z", "updated_at": "2024-05-27T07:07:30.578Z", "artist_id": 5, "artmedium_id": 11, "arttype_id": 3}},
  {"model": "artapp.artproducts", "pk": 9, "fields": {"referencenumber": 303173187, "title": "Peacock Paintings", "images": "artpics/images/918y3-QapcL._SL1500__UELFK14.jpg", "image1": "artpics/images/918y3-QapcL._SL1500__kL08lrB.jpg", "image2": "artpics/images/918y3-QapcL._SL1500__hOIg2Mq.jpg", "image3": "artpics/images/918y3-QapcL._SL1500__HFOFITr.jpg", "image4": "artpics/images/918y3-QapcL._SL1500__wNzw19Y.jpg", "dimension": "76.2 cm x 45 cm", "orientation": "Potrait", "size": "Medium", "sellingprice": "500.00", "description": "Quality artwork printed on 310 GSM thick paper with vibrant colors.", "creationdate": "2024-05-27T06:55:52.271Z", "updated_at": "2024-05-27T06:55:52.271Z", "artist_id": null, "artmedium_id": 11, "arttype_id": 4}},
  {"model": "artapp.artproducts", "pk": 10, "fields": {"referencenumber": 402435989, "title": "Little Cute Krishna Blue Krishna", "images": "artpics/images/71TLqjHg2yL._SL1000_.jpg", "image1": "artpics/images/71rKO3bJvIL._SL1216_.jpg", "image2": "artpics/images/51ndg64-76L._SL1000_.jpg", "image3": "", "image4": "", "dimension": "41Cm X 41Cm", "orientation": "Landscape", "size": "Large", "sellingprice": "600.00", "description": "Material: Full HD Glossy Vinyl. Wall Poster Covering Area: 41 CM X 41 CM.", "creationdate": "2024-05-27T07:05:10.863Z", "updated_at": "2024-05-27T07:05:10.863Z", "artist_id": 1, "artmedium_id": 2, "arttype_id": 1}},
  {"model": "artapp.artproducts", "pk": 12, "fields": {"referencenumber": 502435987, "title": "Little Cute Krishna Blue Krishna", "images": "artpics/images/71TLqjHg2yL._SL1000_.jpg", "image1": "artpics/images/71rKO3bJvIL._SL1216_.jpg", "image2": "artpics/images/51ndg64-76L._SL1000_.jpg", "image3": "", "image4": "", "dimension": "41Cm X 41Cm", "orientation": "Landscape", "size": "Large", "sellingprice": "600.00", "description": "Material: Full HD Glossy Vinyl. Wall Poster Covering Area: 41 CM X 41 CM.", "creationdate": "2024-05-27T07:05:10.863Z", "updated_at": "2024-05-27T07:05:10.863Z", "artist_id": 1, "artmedium_id": 2, "arttype_id": 1}},
  {"model": "artapp.artproducts", "pk": 14, "fields": {"referencenumber": 654316880, "title": "Painting Of Numerous Causes", "images": "artpics/images/g2.jpg", "image1": "artpics/images/g2_WKtAaz7.jpg", "image2": "", "image3": "", "image4": "", "dimension": "12 X 16 Inches | 6mm Thick", "orientation": "Landscape", "size": "Medium", "sellingprice": "200.00", "description": "Painting Of Numerous Causes.", "creationdate": "2024-05-31T06:52:47.421Z", "updated_at": "2024-05-31T06:53:07.875Z", "artist_id": 7, "artmedium_id": 12, "arttype_id": 6}},
  {"model": "artapp.artproducts", "pk": 15, "fields": {"referencenumber": 443620200, "title": "Tamatina Nature Art Canvas Painting Moon Light", "images": "artpics/images/51Hl2NvGWXL._SY300_SX300_QL70_FMwebp_.webp", "image1": "artpics/images/818c-RntYOL._SX679_.jpg", "image2": "artpics/images/713AN26ZNCL._SX679_.jpg", "image3": "artpics/images/71jE7y7ytuL._SX679_.jpg", "image4": "", "dimension": "121.9L x 91.4W Centimeters", "orientation": "Landscape", "size": "Large", "sellingprice": "4500.00", "description": "Frame-less canvas paintings made using pure cotton canvas.", "creationdate": "2024-06-09T12:52:38.420Z", "updated_at": "2024-06-09T12:52:38.420Z", "artist_id": 8, "artmedium_id": 1, "arttype_id": 4}},

  {"model": "artapp.page", "pk": 1, "fields": {"pagetitle": "Website Details", "address": "890,Sector 62, Gyan Sarovar, GAIL Noida(Delhi/NCR)", "aboutus": "An art exhibition space to display and sell artworks. The art gallery is a commercial enterprise working with a portfolio of artists.", "email": "support@gmail.com", "mobilenumber": 1234567899, "created_at": "2024-05-27T14:26:18.056Z", "updated_at": "2024-05-31T06:53:29.464Z"}},

  {"model": "artapp.customuser", "pk": 1, "fields": {"password": "pbkdf2_sha256$390000$6bnEsdErKvviZLmz366cud$n0AOCi/oxrHoPqPiHXpsjxeHC67szuyikED7QnF00kE=", "last_login": "2024-06-09T14:44:30.416Z", "is_superuser": true, "username": "admin", "first_name": "Admin", "last_name": "User", "email": "admin@gmail.com", "is_staff": true, "is_active": true, "date_joined": "2024-05-24T06:13:41.055Z", "user_type": "1", "profile_pic": "media/profile_pic/g6.jpg", "groups": [], "user_permissions": []}},

  {"model": "artapp.enquiry", "pk": 1, "fields": {"enquirynumber": 514586611, "fullname": "Rakesh Sharma", "email": "rakesh@gmail.com", "prod_id_id": 1, "enquiry_date": "2024-05-29T06:31:35.531Z", "message": "uiyioi", "mobnum": "7878978978", "remark": "", "remark_date": "2024-05-29T06:31:35.532Z", "status": ""}},
  {"model": "artapp.enquiry", "pk": 2, "fields": {"enquirynumber": 514586669, "fullname": "Test", "email": "test@gmail.com", "prod_id_id": 3, "enquiry_date": "2024-05-29T06:35:15.277Z", "message": "yuy", "mobnum": "7895444444", "remark": "tyuytjryuikry", "remark_date": "2024-05-30T08:44:23.560Z", "status": "Answered"}},
  {"model": "artapp.enquiry", "pk": 3, "fields": {"enquirynumber": 660093123, "fullname": "Ram", "email": "ram@gmail.com", "prod_id_id": 1, "enquiry_date": "2024-05-29T06:48:30.036Z", "message": "dfgrtgy", "mobnum": "4545412454", "remark": "Ok. Thanks for enquiry", "remark_date": "2024-05-30T08:47:02.640Z", "status": "Answered"}},
  {"model": "artapp.enquiry", "pk": 4, "fields": {"enquirynumber": 776606007, "fullname": "Rakesh Mishra", "email": "raj@gmail.com", "prod_id_id": 1, "enquiry_date": "2024-05-29T06:55:10.956Z", "message": "fsdgfdfhyhjuyk", "mobnum": "4646464646", "remark": "", "remark_date": "2024-05-29T06:55:10.958Z", "status": ""}},
  {"model": "artapp.enquiry", "pk": 5, "fields": {"enquirynumber": 367506747, "fullname": "Mohan Kumar", "email": "mohan@gmail.com", "prod_id_id": 2, "enquiry_date": "2024-05-29T06:59:30.092Z", "message": "ljjkckjksdfcsdfg", "mobnum": "7778787878", "remark": "", "remark_date": "2024-05-29T06:59:30.093Z", "status": ""}},
  {"model": "artapp.enquiry", "pk": 6, "fields": {"enquirynumber": 778176480, "fullname": "tina", "email": "tina@gmail.com", "prod_id_id": 1, "enquiry_date": "2024-05-29T13:25:24.935Z", "message": "hi", "mobnum": "4546456765", "remark": "", "remark_date": "2024-05-29T13:25:24.937Z", "status": ""}},
  {"model": "artapp.enquiry", "pk": 7, "fields": {"enquirynumber": 603524619, "fullname": "Test Test123", "email": "test@gmail.com", "prod_id_id": 1, "enquiry_date": "2024-05-29T13:27:04.059Z", "message": "tyr", "mobnum": "7894561236", "remark": "", "remark_date": "2024-05-29T13:27:04.059Z", "status": ""}},
  {"model": "artapp.enquiry", "pk": 8, "fields": {"enquirynumber": 351325773, "fullname": "Teena Khanna", "email": "teena@gmail.com", "prod_id_id": 9, "enquiry_date": "2024-05-31T11:11:46.444Z", "message": "Test Sample", "mobnum": "4644646546", "remark": "", "remark_date": "2024-05-31T11:11:46.444Z", "status": ""}},
  {"model": "artapp.enquiry", "pk": 9, "fields": {"enquirynumber": 940049205, "fullname": "Amit", "email": "Amitk@gmail.com", "prod_id_id": 15, "enquiry_date": "2024-06-09T12:53:39.636Z", "message": "I want to buy this", "mobnum": "1425364445", "remark": "Test enquiry", "remark_date": "2024-06-09T12:54:00.515Z", "status": "Answered"}}
]
